Filename,Distance
image_0555.jpg,0.0
image_0555.jpg,0.0
image_0554.jpg,0.04523897171020508
image_0513.jpg,0.24738168716430664
image_0559.jpg,0.26389408111572266
image_0547.jpg,0.28553837537765503
